{"loss": [12.454978942871094, 9.776966094970703, 7.877157211303711, 6.464585781097412, 5.382991313934326, 4.561226844787598, 3.9256510734558105, 3.4379777908325195, 3.0510876178741455, 2.7448368072509766, 2.511141777038574, 2.317917585372925, 2.1660938262939453, 2.0382187366485596, 1.9412245750427246, 1.864446759223938, 1.795333981513977, 1.7388769388198853, 1.6904116868972778, 1.6505919694900513, 1.6204684972763062, 1.5936115980148315, 1.5635560750961304, 1.5463426113128662, 1.521991491317749, 1.5067148208618164, 1.4888274669647217, 1.4787225723266602, 1.4676942825317383, 1.4570460319519043, 1.4473544359207153, 1.4362469911575317, 1.4280647039413452, 1.4175063371658325, 1.4063400030136108, 1.3971810340881348, 1.3923401832580566, 1.3895381689071655, 1.3770390748977661, 1.373586654663086, 1.3664536476135254, 1.3619391918182373, 1.3591753244400024, 1.3501251935958862, 1.3396767377853394, 1.3392277956008911, 1.3313655853271484, 1.3307864665985107, 1.3296966552734375, 1.3228819370269775, 1.321954369544983, 1.3169729709625244, 1.3071807622909546, 1.302228331565857, 1.2991247177124023, 1.2967935800552368, 1.290175437927246, 1.2853668928146362, 1.2777255773544312, 1.274775743484497, 1.2730311155319214, 1.2731895446777344, 1.262616753578186, 1.2555124759674072, 1.2549608945846558, 1.2519330978393555, 1.2451876401901245, 1.243086576461792, 1.2406045198440552, 1.2326998710632324, 1.228712558746338, 1.2358803749084473, 1.2262368202209473, 1.2193355560302734, 1.2179170846939087, 1.204935908317566, 1.206012487411499, 1.2035596370697021, 1.202014446258545, 1.193712592124939, 1.1959261894226074, 1.195058822631836, 1.184046745300293, 1.1822078227996826, 1.1775925159454346, 1.175087809562683, 1.174931287765503, 1.168831706047058, 1.16515052318573, 1.163451910018921, 1.1533129215240479, 1.1554083824157715, 1.1526150703430176, 1.1441938877105713, 1.1437973976135254, 1.145086646080017, 1.1405930519104004, 1.1333699226379395, 1.1307106018066406, 1.1285594701766968], "precision": [0.8021978139877319, 0.8063256740570068, 0.811255156993866, 0.8079142570495605, 0.819067656993866, 0.8224368691444397, 0.8199566006660461, 0.8245981931686401, 0.8281214237213135, 0.8337463140487671, 0.8274033069610596, 0.8348386883735657, 0.837073802947998, 0.8369334936141968, 0.8403361439704895, 0.8393825888633728, 0.84157794713974, 0.8415557742118835, 0.8450818061828613, 0.8409227728843689, 0.8434906005859375, 0.8514514565467834, 0.842424213886261, 0.8511775135993958, 0.8427466154098511, 0.8470315337181091, 0.8446490168571472, 0.8476390838623047, 0.8465930819511414, 0.8471434116363525, 0.8543210029602051, 0.8500093221664429, 0.8575984835624695, 0.8540510535240173, 0.8516271114349365, 0.8552776575088501, 0.8559399843215942, 0.853934645652771, 0.8587958812713623, 0.856552243232727, 0.8541180491447449, 0.8603271842002869, 0.8548502326011658, 0.8551614880561829, 0.8604774475097656, 0.8576916456222534, 0.8626865744590759, 0.8591772317886353, 0.8613723516464233, 0.8566718697547913, 0.8609523773193359, 0.8611976504325867, 0.8629856705665588, 0.865315854549408, 0.8656357526779175, 0.8614162802696228, 0.8677167892456055, 0.8680297136306763, 0.8655363321304321, 0.8662357330322266, 0.8623960018157959, 0.867449939250946, 0.8688822984695435, 0.871688723564148, 0.8687849640846252, 0.8669754862785339, 0.8688791394233704, 0.8741808533668518, 0.8721423745155334, 0.8743945956230164, 0.8767078518867493, 0.8708840012550354, 0.8714930415153503, 0.8722213506698608, 0.8756980895996094, 0.8775380849838257, 0.8780760765075684, 0.8794529438018799, 0.8790565133094788, 0.879930317401886, 0.8809486031532288, 0.8765664100646973, 0.8771272301673889, 0.8827034831047058, 0.8828616142272949, 0.8864520192146301, 0.8804330825805664, 0.879711925983429, 0.8832744359970093, 0.8822358250617981, 0.8884953260421753, 0.8859327435493469, 0.8861286640167236, 0.8889902830123901, 0.888651967048645, 0.8838552832603455, 0.8893629908561707, 0.8883692622184753, 0.8894944190979004, 0.889237642288208], "recall": [0.07691571116447449, 0.19779694080352783, 0.2457854449748993, 0.2816092073917389, 0.2978927195072174, 0.31810346245765686, 0.3258620798587799, 0.33908045291900635, 0.34750959277153015, 0.3545019030570984, 0.35862070322036743, 0.37183907628059387, 0.3715517222881317, 0.37854406237602234, 0.38314175605773926, 0.3854406177997589, 0.38620689511299133, 0.3937739431858063, 0.4007662832736969, 0.4015325605869293, 0.39904215931892395, 0.4073754847049713, 0.41273945569992065, 0.41197317838668823, 0.41733717918395996, 0.4195402264595032, 0.4218390882015228, 0.4247126579284668, 0.42605364322662354, 0.4289272129535675, 0.43084290623664856, 0.4353448152542114, 0.4378352463245392, 0.442241370677948, 0.4436781704425812, 0.4454980790615082, 0.4478927254676819, 0.44798851013183594, 0.45498085021972656, 0.45641762018203735, 0.4559386968612671, 0.45842912793159485, 0.45919540524482727, 0.4665708839893341, 0.46609196066856384, 0.47049808502197266, 0.4705938696861267, 0.46810343861579895, 0.47375479340553284, 0.47289273142814636, 0.4762452244758606, 0.4766283631324768, 0.4850574731826782, 0.48678159713745117, 0.48256704211235046, 0.48821839690208435, 0.4907087981700897, 0.49204981327056885, 0.49386972188949585, 0.5005747079849243, 0.49645593762397766, 0.5021072626113892, 0.5033524632453918, 0.5043103694915771, 0.5054597854614258, 0.501915693283081, 0.5115900635719299, 0.5111111402511597, 0.5115900635719299, 0.5187739729881287, 0.5162835121154785, 0.5142720341682434, 0.5177202820777893, 0.5224137902259827, 0.5256704688072205, 0.5298850536346436, 0.5263410210609436, 0.5296934843063354, 0.5318965315818787, 0.5320881009101868, 0.5337164998054504, 0.5360153317451477, 0.5381225943565369, 0.5391762256622314, 0.5378352403640747, 0.5458812117576599, 0.5452107191085815, 0.5499042272567749, 0.5508620738983154, 0.551819920539856, 0.5525861978530884, 0.5549808144569397, 0.550095796585083, 0.5599616765975952, 0.5588122606277466, 0.5568965673446655, 0.5590038299560547, 0.5640804767608643, 0.5628352761268616, 0.5698275566101074],